,CLASS,PC1,PC2,PC3,PC4,PC5,PC6,PC7,PC8,PC9,PC10
,CDX,0.0032,-0.0371,-0.0113,-0.0175,-0.0135,0.0486,-0.0046,-0.0019,-0.0047,0.0043
,CDX,0.003,-0.0368,-0.0125,-0.0182,-0.0143,0.0504,0.0021,-0.0082,-0.0021,-0.0014
,CDX,0.0031,-0.0364,-0.012,-0.0179,-0.0163,0.0499,0.0012,0.0005,-0.0019,-0.0026
,CDX,0.003,-0.0374,-0.0129,-0.0168,-0.0151,0.0512,-0.0044,-0.0008,0,-0.0016
,CDX,0.0029,-0.0365,-0.0103,-0.0182,-0.0131,0.0444,-0.0057,0.0009,-0.0004,0.0023
,CDX,0.0028,-0.037,-0.0134,-0.016,-0.0137,0.0471,0.0011,-0.0041,-0.0045,0.0041
,CDX,0.0026,-0.0371,-0.0108,-0.0169,-0.0173,0.0496,0,-0.0033,0.0001,0.0001
,CDX,0.003,-0.0373,-0.0114,-0.0172,-0.0158,0.0484,-0.0008,0.005,0.0049,-0.0029
,CDX,0.0028,-0.0365,-0.0108,-0.0151,-0.0163,0.0423,0.002,0.0015,-0.0007,-0.0011
,CDX,0.0032,-0.037,-0.0114,-0.0161,-0.0154,0.0395,-0.0054,-0.0029,-0.0037,-0.0032
,CDX,0.0027,-0.0374,-0.0121,-0.017,-0.0189,0.0454,0.0031,-0.0067,0.0051,0.0011
,CDX,0.003,-0.0371,-0.0102,-0.0162,-0.0192,0.049,-0.002,-0.0055,-0.0029,0.0058
,CDX,0.003,-0.037,-0.0119,-0.0181,-0.0198,0.0495,0.0027,-0.0025,-0.0075,-0.0049
,CDX,0.0028,-0.0368,-0.0119,-0.0162,-0.0193,0.0495,0.0007,-0.0025,-0.006,0.0006
,CDX,0.0031,-0.0371,-0.0135,-0.0169,-0.0182,0.0495,-0.0015,-0.004,-0.0006,0.0036
,CDX,0.0029,-0.0377,-0.0126,-0.0183,-0.0155,0.05,-0.0017,0.0004,0,0.0008
,CDX,0.0028,-0.0369,-0.0116,-0.0169,-0.0165,0.0435,-0.0012,-0.0005,-0.0029,-0.0009
,CDX,0.0032,-0.0372,-0.0116,-0.0163,-0.0166,0.051,-0.002,-0.0039,-0.0056,-0.0075
,CDX,0.0027,-0.0371,-0.0113,-0.0161,-0.02,0.0542,-0.0002,-0.0007,-0.0095,-0.0005
,CDX,0.0035,-0.0368,-0.0123,-0.0132,-0.0039,0.0045,0.0024,0.0017,0.0034,0.0021
,CDX,0.0031,-0.0378,-0.0121,-0.0167,-0.0172,0.0481,0.003,0.0008,-0.0072,-0.0021
,CDX,0.0028,-0.0369,-0.013,-0.017,-0.0167,0.0402,-0.004,0.0014,-0.0028,0.0032
,CDX,0.0028,-0.0366,-0.011,-0.0176,-0.0122,0.0519,-0.0014,-0.0034,0.0002,0.006
,CDX,0.0028,-0.0368,-0.0112,-0.016,-0.0139,0.0404,-0.0016,-0.0002,-0.0058,-0.0102
,CDX,0.0031,-0.0369,-0.0115,-0.0168,-0.014,0.049,-0.0004,-0.002,0.0018,0.0007
,CDX,0.003,-0.0368,-0.0116,-0.0174,-0.0154,0.0479,-0.0032,-0.0001,0.0034,-0.0023
,CDX,0.0025,-0.0368,-0.0129,-0.0171,-0.0175,0.0536,-0.0031,0.0017,-0.0032,-0.0003
,CDX,0.0028,-0.0366,-0.0112,-0.0176,-0.015,0.0488,0.0009,-0.0024,-0.005,0.0023
,CDX,0.0034,-0.0371,-0.0119,-0.0177,-0.0162,0.0424,0.0044,-0.0023,-0.0094,-0.0035
,CDX,0.0032,-0.0367,-0.0114,-0.0184,-0.0157,0.0525,-0.0025,-0.0056,0.0023,0.003
,CDX,0.003,-0.0365,-0.0109,-0.0166,-0.0156,0.0501,-0.0021,-0.0039,-0.0025,0.0067
,CDX,0.0029,-0.0371,-0.0123,-0.0179,-0.0182,0.0532,-0.0054,0.0005,-0.0071,-0.0029
,CDX,0.0029,-0.0372,-0.0124,-0.0156,-0.0186,0.0463,0.0005,0.0036,-0.0067,0.0027
,CDX,0.0028,-0.037,-0.0114,-0.0168,-0.0139,0.0434,0.0008,0.0032,-0.0025,-0.0019
,CDX,0.0029,-0.0367,-0.0109,-0.016,-0.0146,0.0501,-0.0012,-0.0066,-0.0058,-0.0095
,CDX,0.0027,-0.037,-0.0126,-0.0178,-0.0201,0.0503,-0.0036,-0.0054,0.0015,0.0013
,CDX,0.0026,-0.0371,-0.0117,-0.0178,-0.0174,0.0498,0.0004,0.0002,-0.0012,0.0067
,CDX,0.0028,-0.0363,-0.0107,-0.0169,-0.0163,0.0535,0.0021,-0.0035,-0.0073,0.0041
,CDX,0.0032,-0.0368,-0.0108,-0.0157,-0.0171,0.0533,0.0015,-0.0021,-0.003,0.0004
,CDX,0.0031,-0.0364,-0.01,-0.0161,-0.0147,0.0485,0.0009,-0.0066,-0.0023,0.0036
,CDX,0.0033,-0.0373,-0.012,-0.0158,-0.0204,0.0473,-0.0049,0.0014,-0.0018,-0.0007
,CDX,0.003,-0.0373,-0.013,-0.0168,-0.0144,0.0448,0.0008,0.0044,-0.0011,-0.0021
,CDX,0.0029,-0.037,-0.0117,-0.0176,-0.0174,0.0492,-0.0027,-0.0032,-0.0021,0.0076
,CDX,0.0029,-0.0366,-0.0105,-0.0169,-0.0141,0.0442,0.001,-0.0021,-0.0023,0.0013
,CDX,0.003,-0.0365,-0.0109,-0.0151,-0.0131,0.0404,0.0005,-0.0042,-0.0057,0.0013
,CDX,0.003,-0.0372,-0.0124,-0.016,-0.018,0.0471,-0.0029,0.0062,-0.0027,0.0003
,CDX,0.0029,-0.037,-0.0103,-0.018,-0.0181,0.0534,0.0017,-0.0001,0.001,0.0005
,CDX,0.0028,-0.0369,-0.0111,-0.0165,-0.0166,0.0433,-0.002,0.0006,-0.0054,0.0017
,CDX,0.003,-0.0376,-0.0109,-0.0176,-0.0166,0.0447,0.0019,-0.0033,-0.0002,-0.0006
,CDX,0.0028,-0.0368,-0.0113,-0.0161,-0.0196,0.0524,0.0025,-0.006,-0.0036,0.0002
,CDX,0.0031,-0.0371,-0.0121,-0.0168,-0.0168,0.0474,0.0006,0.0009,-0.0045,-0.0043
,CDX,0.0033,-0.0369,-0.0134,-0.0171,-0.0179,0.0485,-0.0008,-0.0049,-0.0035,-0.0007
,CDX,0.0031,-0.037,-0.0126,-0.0172,-0.0156,0.0493,-0.0014,-0.0043,-0.0033,-0.0003
,CDX,0.0031,-0.0368,-0.0126,-0.0173,-0.0177,0.0447,-0.0036,0.0014,-0.0005,0.0032
,CDX,0.0027,-0.0369,-0.0111,-0.0158,-0.0179,0.0541,0.0011,-0.0019,-0.0013,-0.0025
,CDX,0.0029,-0.0371,-0.0123,-0.0166,-0.0168,0.0559,0.0001,0.0013,0.0014,0.0036
,CDX,0.0029,-0.0368,-0.0117,-0.0176,-0.0156,0.0473,0.0002,-0.002,-0.0003,-0.0071
,CDX,0.003,-0.0365,-0.0113,-0.0163,-0.0152,0.0431,-0.0011,-0.0044,-0.0067,-0.0096
,CDX,0.0029,-0.0364,-0.0109,-0.017,-0.0115,0.0496,0.0001,-0.0048,-0.0088,0.001
,CDX,0.0028,-0.037,-0.0116,-0.0169,-0.0182,0.0509,-0.0011,-0.0008,0.0009,0.0025
,CDX,0.003,-0.0368,-0.0114,-0.0176,-0.0135,0.047,0.0013,-0.0045,-0.0077,0.0018
,CDX,0.0029,-0.0373,-0.0121,-0.018,-0.0178,0.0537,-0.0008,-0.0003,-0.0068,-0.0041
,CDX,0.0029,-0.0368,-0.0113,-0.0168,-0.0161,0.0436,-0.0016,0.0011,-0.0029,0.0008
,CDX,0.0024,-0.0369,-0.0112,-0.0162,-0.0167,0.0526,-0.0024,-0.0003,-0.0072,-0.0056
,CDX,0.003,-0.0367,-0.0118,-0.017,-0.016,0.0493,0.0011,-0.0042,-0.0017,-0.0012
,CDX,0.0031,-0.0372,-0.0125,-0.0184,-0.0204,0.0518,-0.0009,-0.0037,-0.0059,-0.0104
,CDX,0.0027,-0.0371,-0.0116,-0.0169,-0.0171,0.0487,0.0008,0.0018,-0.0038,0.0015
,CDX,0.0033,-0.0367,-0.0116,-0.0173,-0.0159,0.0455,-0.0022,-0.0012,-0.0026,0.0056
,CDX,0.0029,-0.0372,-0.0112,-0.0177,-0.0166,0.0548,-0.0038,-0.0012,-0.0004,-0.0112
,CDX,0.003,-0.0366,-0.011,-0.0159,-0.0165,0.0522,-0.001,-0.0003,-0.0055,0.0026
,CDX,0.0029,-0.0373,-0.0133,-0.0171,-0.0168,0.0517,-0.0015,-0.0016,-0.0081,-0.0025
,CDX,0.0029,-0.0369,-0.012,-0.0181,-0.0175,0.0467,-0.0025,-0.0008,-0.01,-0.0096
,CDX,0.0029,-0.037,-0.0098,-0.0158,-0.0182,0.0523,-0.0009,0.0003,0.0004,-0.0067
,CDX,0.003,-0.0371,-0.012,-0.0184,-0.0133,0.0508,-0.0014,-0.0016,-0.0061,-0.0018
,CDX,0.0025,-0.037,-0.013,-0.0175,-0.0192,0.0515,-0.0042,0.0004,0.0003,-0.0029
,CDX,0.0032,-0.0364,-0.0109,-0.0158,-0.0138,0.0409,0.0026,-0.0034,-0.0071,-0.002
,CDX,0.0031,-0.0377,-0.0107,-0.017,-0.0196,0.0477,-0.0041,-0.0054,-0.0024,-0.0111
,CDX,0.003,-0.0367,-0.011,-0.0172,-0.0165,0.0509,0.0004,-0.0028,-0.0014,0.002
,CDX,0.0032,-0.0371,-0.0123,-0.0168,-0.0159,0.0512,0.0016,0.0015,0.004,0.0025
,CDX,0.0032,-0.0376,-0.0117,-0.017,-0.0145,0.0481,-0.0011,-0.0009,-0.0069,-0.0031
,CDX,0.0028,-0.0361,-0.0113,-0.0166,-0.0206,0.0477,-0.0007,-0.0036,-0.0085,0.0009
,CDX,0.003,-0.0368,-0.0117,-0.0164,-0.0182,0.0487,-0.0044,-0.0021,0.0002,0.0039
,CDX,0.0032,-0.0374,-0.0116,-0.0172,-0.0158,0.0497,-0.0006,0.0001,-0.0014,0.0043
,CDX,0.0032,-0.0367,-0.0109,-0.0172,-0.0175,0.043,-0.0027,0.0036,-0.005,0.0031
,CDX,0.0033,-0.0368,-0.0109,-0.0163,-0.0168,0.0468,-0.0033,0.0043,-0.0039,0.0056
,CDX,0.0028,-0.037,-0.0111,-0.0175,-0.02,0.0493,-0.0039,-0.0027,-0.0043,-0.0022
,CDX,0.0028,-0.0368,-0.012,-0.0157,-0.018,0.0453,-0.0029,0.0032,-0.0017,-0.0029
,CDX,0.0029,-0.0368,-0.0124,-0.0176,-0.0158,0.0525,-0.0007,-0.0044,-0.0017,0.0054
,CDX,0.0033,-0.037,-0.0128,-0.0191,-0.0154,0.0462,-0.0005,0.0032,-0.001,-0.0002
,CDX,0.0027,-0.0371,-0.0111,-0.0171,-0.0155,0.0497,0.0002,-0.0044,-0.0063,-0.0065
,CDX,0.0031,-0.0368,-0.0115,-0.0165,-0.0192,0.0571,-0.0002,-0.0037,-0.0026,0.0055
,CDX,0.0034,-0.0367,-0.0119,-0.0173,-0.0143,0.0512,-0.0025,-0.0036,-0.0026,0.0001
,CDX,0.0031,-0.0368,-0.0123,-0.0166,-0.0144,0.049,-0.0014,0.0006,-0.0037,0.0031
,CLM,0.0086,0.0094,-0.0048,0.0032,-0.0166,-0.007,0.0017,-0.0087,-0.0337,-0.0259
,CLM,0.0079,0.0007,-0.0091,0.0262,-0.0181,-0.0054,0.0002,-0.016,-0.0195,0.0139
,CLM,0.0081,0.0074,-0.006,0.0094,-0.0197,-0.0097,0.0009,-0.0009,-0.0306,-0.0209
,CLM,0.0062,0,-0.0091,0.0279,-0.0144,-0.0052,0.003,-0.0074,-0.0194,0.0024
,CLM,0.0057,0.0036,-0.0077,0.0219,-0.0156,-0.0063,0.0012,-0.0069,-0.0307,-0.0256
,CLM,0.0018,-0.0003,-0.0083,0.0269,-0.0084,-0.0007,-0.0009,-0.0115,-0.0181,0.0072
,CLM,0.004,0.0015,-0.0072,0.0224,-0.0153,-0.0011,-0.0011,-0.0102,-0.0237,-0.0018
,CLM,0.0057,0.0024,-0.0075,0.0229,-0.0153,-0.008,0.0024,-0.0065,-0.0243,-0.0086
,CLM,0.0056,0.0024,-0.0089,0.0228,-0.0162,-0.0097,-0.0015,-0.0095,-0.0335,-0.0119
,CLM,0.0081,0.0059,-0.0081,0.0121,-0.0186,-0.0036,0.0015,-0.0041,-0.022,0.0033
,CLM,0.0033,0.0025,-0.0077,0.02,-0.0121,-0.0001,-0.0031,-0.009,-0.0089,0.0083
,CLM,0.0041,0.001,-0.0102,0.0251,-0.0164,-0.0034,-0.0068,-0.0095,-0.033,-0.0154
,CLM,0.007,-0.0008,-0.0095,0.0324,-0.0176,-0.0021,0.0014,-0.0059,-0.0392,-0.0299
,CLM,0.0003,0.0001,-0.0096,0.0274,-0.0069,-0.0025,-0.0006,-0.0024,-0.003,0.0054
,CLM,0.0065,0.0015,-0.0071,0.0251,-0.0168,-0.004,-0.0054,-0.0111,-0.0092,0.0234
,CLM,-0.0007,-0.0026,-0.0092,0.0338,-0.0137,0.0017,-0.0055,-0.0037,-0.0151,-0.0149
,CLM,0.0057,0.0026,-0.0083,0.0234,-0.0125,-0.0019,-0.0012,-0.008,-0.0194,0.002
,CLM,0.0029,-0.0055,-0.0108,0.0428,-0.0112,0.0006,-0.0011,-0.0069,-0.0243,-0.0116
,CLM,0.0045,-0.0006,-0.0088,0.0298,-0.0118,-0.0062,-0.0054,-0.0101,-0.0069,0.0221
,CLM,0.0076,0.0018,-0.009,0.0245,-0.0134,-0.0059,-0.0007,-0.0142,-0.0215,-0.0122
,CLM,0.0068,0.0027,-0.0083,0.0205,-0.0126,-0.0073,-0.0037,-0.006,-0.027,-0.0043
,CLM,0.0005,-0.0003,-0.0091,0.0266,-0.0127,-0.0034,-0.0039,-0.0104,-0.0213,-0.0069
,CLM,0.0086,0.0056,-0.0088,0.0132,-0.0194,-0.0054,0.001,-0.0132,-0.0366,-0.0312
,CLM,0.0079,0.0014,-0.008,0.0269,-0.0103,-0.0027,-0.0043,-0.0086,-0.0172,-0.0127
,CLM,0.0079,0.0069,-0.0065,0.0083,-0.0162,-0.0062,-0.0005,-0.0127,-0.0226,0.0011
,CLM,0.0024,-0.0006,-0.0092,0.0294,-0.0157,-0.0104,0.0003,-0.0098,-0.0171,-0.0018
,CLM,0.0054,0.0019,-0.0093,0.0238,-0.0167,-0.0028,-0.0032,-0.0111,-0.0281,-0.0224
,CLM,0.005,0.0017,-0.0092,0.0239,-0.0144,-0.0013,-0.0027,-0.0082,-0.0087,0.0067
,CLM,-0.0001,-0.0012,-0.0082,0.0287,-0.0098,-0.0036,0.0033,-0.0074,-0.0279,-0.0278
,CLM,0.0089,0.0099,-0.0066,0.0011,-0.0161,-0.0087,0.0025,-0.0111,-0.0253,-0.001
,CLM,0.0074,-0.0016,-0.0104,0.0335,-0.015,-0.0026,-0.0033,-0.0187,-0.0214,0.0119
,CLM,0.0074,0.0019,-0.0109,0.0252,-0.0185,-0.0045,0.0004,-0.0114,-0.015,-0.0046
,CLM,0.0073,0.0018,-0.0088,0.0221,-0.02,-0.0029,-0.0043,-0.0124,-0.009,0.0256
,CLM,0.0056,0.0026,-0.0082,0.0205,-0.0198,-0.0027,-0.0026,-0.0045,-0.011,-0.0013
,CLM,0.0071,-0.0097,-0.0131,0.0572,-0.0058,-0.001,-0.0011,-0.0067,-0.0148,0.0164
,CLM,-0.0078,0.0012,-0.0074,0.021,-0.0071,-0.0004,0.0017,-0.0027,-0.0157,-0.0142
,CLM,0.0064,-0.0028,-0.0113,0.0383,-0.0087,-0.0025,-0.0042,-0.0066,-0.0054,0.0138
,CLM,0.0062,0.0032,-0.0073,0.0177,-0.0136,-0.0033,-0.0022,-0.0104,-0.0141,0.0124
,CLM,0.0059,-0.003,-0.0104,0.0383,-0.0121,-0.0056,0.0006,-0.0105,-0.0195,0.0217
,CLM,0.0047,-0.0033,-0.0096,0.038,-0.0096,-0.0057,-0.0026,-0.005,-0.0206,0.0179
,CLM,0.0079,0.0011,-0.0095,0.0263,-0.012,-0.005,0.0002,-0.0114,-0.0291,-0.0217
,CLM,0.0076,0.0043,-0.0072,0.0165,-0.0186,-0.0065,0.0013,-0.0142,-0.0279,-0.0111
,CLM,0.0082,0.0057,-0.0076,0.0131,-0.0226,-0.0012,-0.0032,-0.0143,-0.0229,0.0218
,CLM,0.0057,0.0003,-0.0088,0.0311,-0.0175,-0.0004,0,-0.0097,-0.0199,-0.006
,CLM,0.0078,0.0009,-0.0114,0.0253,-0.0084,-0.0026,-0.0007,-0.01,-0.0292,-0.0064
,CLM,0.0065,0.0019,-0.0076,0.0216,-0.0151,-0.0053,-0.0024,-0.0137,-0.0155,-0.0088
,CLM,0.0057,0.0025,-0.007,0.0207,-0.0169,-0.005,-0.0023,-0.0092,-0.0272,-0.0012
,CLM,0.0032,0.0019,-0.0091,0.0201,-0.0165,-0.0104,0.0026,-0.0085,-0.0163,-0.0004
,CLM,0.0005,-0.0014,-0.0094,0.0279,-0.0097,-0.001,0.0001,-0.0029,-0.0242,-0.0084
,CLM,0.0021,0.0008,-0.0074,0.0258,-0.0088,-0.0011,0.0017,-0.0012,-0.0115,0.0004
,CLM,0.0035,0.0011,-0.0111,0.0232,-0.0136,-0.0044,-0.0045,-0.0055,-0.0154,-0.0058
,CLM,0.0013,-0.0073,-0.0124,0.0506,-0.0114,0.0004,0.002,-0.0113,-0.0047,0.0124
,CLM,0.0065,0,-0.0103,0.0306,-0.0161,-0.0003,0.0003,-0.0035,-0.0226,-0.0121
,CLM,0.0081,0.0025,-0.0092,0.0246,-0.0187,-0.0096,-0.0034,-0.0189,-0.0314,0.0058
,CLM,0.0018,0,-0.0102,0.0282,-0.0116,-0.0036,0.001,-0.0034,-0.0146,-0.0233
,CLM,0.0039,0.0002,-0.0077,0.0285,-0.0104,-0.0024,-0.0034,-0.0148,-0.0216,0.0006
,CLM,0.0061,-0.0026,-0.0101,0.0364,-0.0142,-0.0038,-0.003,-0.0104,-0.0224,-0.0026
,CLM,0.0068,0.0027,-0.0083,0.0244,-0.0163,-0.0026,-0.0048,-0.0025,-0.0303,-0.032
,CLM,0.006,0.003,-0.0083,0.0203,-0.018,-0.0064,0.0014,-0.0099,-0.0358,0.0013
,CLM,0.0062,0.0064,-0.0061,0.0115,-0.0174,-0.01,-0.0038,-0.013,-0.0411,-0.0008
,CLM,-0.0047,-0.0006,-0.0098,0.027,-0.0097,-0.0029,0.0032,-0.0047,-0.0243,-0.0229
,CLM,0.0035,0.001,-0.0089,0.0262,-0.0151,-0.0076,-0.0039,-0.0093,-0.0084,0.0195
,CLM,0.0072,0.0024,-0.009,0.0195,-0.0197,-0.0038,-0.0046,-0.0056,-0.009,0.0228
,CLM,0.0055,-0.0073,-0.0118,0.0498,-0.0053,0.0037,-0.0038,-0.0078,-0.008,0.0008
,CLM,0.0084,0.0072,-0.0065,0.0071,-0.021,-0.0093,0.0013,-0.0046,-0.0286,-0.026
,CLM,0.0087,0.0102,-0.005,0.0004,-0.021,-0.0046,-0.003,-0.0104,-0.0137,0.0095
,CLM,0.0005,0.003,-0.008,0.0212,-0.006,0.0015,-0.0013,-0.0021,-0.0127,-0.0092
,CLM,0.0068,-0.0042,-0.0095,0.0383,-0.012,0.0003,0.0035,-0.0064,0.001,0.0162
,CLM,0.0055,-0.0088,-0.013,0.0566,-0.0073,0.0014,-0.0009,-0.0072,-0.0156,-0.0149
,CLM,0.004,0.0006,-0.0095,0.0261,-0.0173,-0.0018,-0.0032,-0.0046,-0.0287,-0.0298
,CLM,0.0052,0.0017,-0.0081,0.0215,-0.0121,-0.0057,0.0002,-0.0065,-0.0173,-0.0265
,CLM,0.0066,-0.0032,-0.0123,0.0378,-0.0096,-0.0069,-0.0005,-0.019,-0.0224,0.0116
,CLM,0.0057,-0.0026,-0.0109,0.0368,-0.0115,-0.0023,-0.0008,-0.0116,-0.0203,-0.0056
,CLM,0.0061,-0.0031,-0.0103,0.0397,-0.012,-0.0043,-0.0006,-0.0041,-0.014,0.0117
,CLM,-0.0001,-0.0032,-0.0102,0.0364,-0.0109,-0.0034,0.0003,-0.0053,-0.0109,-0.0072
,CLM,-0.0049,-0.0023,-0.0088,0.0293,-0.0048,-0.0033,-0.0021,0.0018,0.0018,0.0184
,CLM,-0.0008,-0.0011,-0.0099,0.0308,-0.011,-0.0032,-0.0004,-0.0054,-0.0152,0.0009
,CLM,0.0078,0.0044,-0.0085,0.0167,-0.0239,-0.0058,-0.001,-0.0194,-0.0338,0.0009
,CLM,0.0079,0.0048,-0.0071,0.0148,-0.0237,-0.0064,-0.0045,-0.0174,-0.0297,-0.0116
,CLM,0.0082,0.0066,-0.008,0.0135,-0.0122,-0.0063,0.0029,-0.0119,-0.0283,-0.0159
,CLM,0.0079,0.0075,-0.0075,0.0092,-0.0271,-0.0073,-0.0048,-0.0093,-0.0454,-0.0238
,CLM,-0.0079,-0.0013,-0.007,0.0251,-0.0049,0.0005,-0.0011,-0.0064,-0.0024,0.0124
,CLM,0.0068,-0.0015,-0.0109,0.0341,-0.0169,-0.0027,-0.0007,-0.0025,-0.0171,-0.0127
,CLM,0.0017,0.005,-0.0059,0.0113,-0.0123,-0.0045,0.0004,-0.0077,-0.0273,-0.0165
,CLM,0.008,0.0067,-0.0063,0.009,-0.0201,-0.0069,0.0039,-0.0074,-0.035,-0.0303
,CLM,0.008,0.006,-0.0067,0.013,-0.023,-0.0092,-0.0013,-0.0112,-0.036,-0.0314
,CLM,0.0075,0.0044,-0.0077,0.0163,-0.0211,-0.0066,-0.0039,-0.0021,-0.0316,-0.0235
,CLM,0.0032,-0.0042,-0.0103,0.0385,-0.0051,-0.0028,0.0006,-0.0045,-0.0138,-0.0004
,CLM,0.0025,-0.0032,-0.0115,0.0355,-0.0109,-0.0029,-0.0013,-0.0036,-0.0255,-0.0338
,CLM,0.0062,-0.0016,-0.0108,0.0357,-0.0126,-0.0067,-0.0009,-0.0063,-0.019,-0.0095
,CLM,0.0055,-0.0013,-0.0103,0.0326,-0.0167,-0.0054,-0.0022,-0.0063,-0.016,-0.009
,CLM,0.0062,0.0028,-0.0081,0.0202,-0.0172,-0.0066,0.0004,-0.0171,-0.0255,0.0023
,CLM,-0.0093,0.0007,-0.0067,0.0213,-0.0044,-0.0046,-0.0024,-0.0083,-0.0218,-0.0293
,CLM,-0.002,-0.0023,-0.0082,0.0302,-0.0097,-0.0064,-0.0009,-0.001,-0.0224,-0.0318
,FIN,0.0105,0.0069,-0.0062,-0.0006,0.0838,0.0213,0.0004,-0.0316,-0.0626,-0.0039
,FIN,0.0103,0.0073,-0.0054,0.0003,0.0764,0.0206,0.0007,-0.0347,-0.0436,0.0372
,FIN,0.0103,0.0086,-0.0063,-0.002,0.0596,0.0151,0.0019,-0.0191,-0.0398,-0.0065
,FIN,0.01,0.0071,-0.006,-0.0006,0.072,0.0221,-0.0003,-0.0346,-0.0397,0.0368
,FIN,0.0099,0.0065,-0.0059,0,0.0776,0.018,0.0027,-0.0383,-0.0524,0.0148
,FIN,0.0101,0.0078,-0.0052,-0.0019,0.0699,0.0159,0.0003,-0.0237,-0.042,0.0009
,FIN,0.0101,0.007,-0.0051,-0.001,0.0742,0.0205,0.0001,-0.0312,-0.0369,0.0161
,FIN,0.0099,0.0074,-0.0047,-0.0012,0.0708,0.0216,-0.0016,-0.0257,-0.039,0.0064
,FIN,0.0092,0.0082,-0.0038,-0.0031,0.0462,0.0106,-0.0009,-0.0255,-0.0522,0.0043
,FIN,0.0095,0.0069,-0.0055,0.0011,0.0749,0.0219,0.0027,-0.0295,-0.037,0.0393
,FIN,0.0101,0.0072,-0.0043,-0.0007,0.077,0.02,0.0009,-0.0267,-0.053,0.0018
,FIN,0.0099,0.0064,-0.0051,-0.0015,0.0818,0.0233,-0.0044,-0.0299,-0.0519,0.0175
,FIN,0.0101,0.0074,-0.0055,-0.0006,0.078,0.0214,-0.0004,-0.035,-0.0489,0.0205
,FIN,0.0094,0.0071,-0.0062,-0.0006,0.0799,0.0213,0.0027,-0.0381,-0.0547,0.0464
,FIN,0.01,0.0079,-0.0046,-0.0008,0.0708,0.0147,0.0013,-0.027,-0.0364,0.0354
,FIN,0.0099,0.007,-0.006,-0.0014,0.0672,0.0169,-0.0012,-0.023,-0.0489,-0.0018
,FIN,0.0098,0.0086,-0.004,-0.002,0.059,0.018,0.0027,-0.0164,-0.0413,-0.016
,FIN,0.0097,0.0074,-0.0055,-0.0018,0.0718,0.0212,0.005,-0.0361,-0.0508,0.0224
,FIN,0.0099,0.0069,-0.0047,-0.0021,0.0795,0.0223,-0.0002,-0.0305,-0.0468,0.0157
,FIN,0.01,0.0081,-0.0053,-0.0025,0.0665,0.0204,0.0004,-0.0197,-0.0409,-0.0102
,FIN,0.0101,0.0077,-0.0047,0,0.0829,0.0234,0.0036,-0.0337,-0.041,0.0369
,FIN,0.0099,0.0066,-0.0045,-0.002,0.0881,0.023,0.0024,-0.0339,-0.0629,0.0186
,FIN,0.0095,0.0067,-0.0037,-0.0013,0.0811,0.0273,0.0015,-0.0332,-0.0544,0.0233
,FIN,0.0101,0.0077,-0.0062,-0.0026,0.0627,0.0166,-0.0013,-0.0245,-0.0365,0.024
,FIN,0.0107,0.0085,-0.006,-0.0015,0.0709,0.0197,0.0014,-0.0241,-0.0501,-0.015
,FIN,0.0101,0.0086,-0.0059,-0.0033,0.0623,0.0201,0.0049,-0.0181,-0.0392,0.0168
,FIN,0.0096,0.0075,-0.0058,0.0003,0.0771,0.0168,0.0047,-0.0333,-0.0633,-0.0077
,FIN,0.0103,0.0088,-0.0043,-0.0018,0.0573,0.017,-0.0015,-0.008,-0.03,-0.0204
,FIN,0.0098,0.0076,-0.0041,-0.0005,0.0762,0.021,0.0068,-0.0344,-0.0562,0.0159
,FIN,0.0101,0.0075,-0.0053,-0.0013,0.075,0.0226,0.0024,-0.0262,-0.0391,0.0288
,FIN,0.0103,0.0074,-0.0061,0.0003,0.0733,0.0221,0.0017,-0.0272,-0.0398,0.0336
,FIN,0.0098,0.0071,-0.0052,-0.0025,0.0791,0.018,0.0019,-0.0295,-0.043,0.0155
,FIN,0.0104,0.0078,-0.0048,-0.0017,0.0738,0.0207,-0.0001,-0.0241,-0.0345,0.0286
,FIN,0.01,0.0068,-0.0051,-0.0018,0.083,0.0237,-0.0029,-0.0346,-0.065,-0.0104
,FIN,0.01,0.0071,-0.0036,0.0003,0.0833,0.0197,0.0025,-0.0408,-0.0691,-0.0018
,FIN,0.0103,0.0067,-0.0044,0.0004,0.0856,0.0237,0.0042,-0.0377,-0.0555,0.025
,FIN,0.0098,0.0076,-0.0048,-0.0011,0.0828,0.0237,0.0032,-0.034,-0.0587,0.0293
,FIN,0.0102,0.0087,-0.0034,-0.0018,0.0662,0.016,0.004,-0.0137,-0.0272,-0.015
,FIN,0.01,0.0072,-0.0059,-0.001,0.0718,0.0238,0.0031,-0.0256,-0.0486,0.0182
,FIN,0.0099,0.0073,-0.0066,-0.0008,0.0753,0.0209,0.0001,-0.0258,-0.0448,0.0013
,FIN,0.0103,0.0083,-0.0059,-0.0018,0.0674,0.0169,0.0009,-0.0149,-0.0366,-0.0155
,FIN,0.0105,0.009,-0.0067,-0.0018,0.0541,0.0195,0,-0.0148,-0.0296,-0.0131
,FIN,0.0098,0.0071,-0.0063,-0.001,0.0788,0.0211,0.0012,-0.0352,-0.0536,0.0226
,FIN,0.01,0.0074,-0.0057,0.0001,0.0702,0.0212,0.002,-0.0289,-0.0416,0.0194
,FIN,0.0102,0.0081,-0.0055,-0.0016,0.0727,0.0178,0.0016,-0.0263,-0.0187,0.0363
,FIN,0.01,0.0072,-0.0051,-0.0012,0.076,0.0224,0.0047,-0.0277,-0.0282,0.0338
,FIN,0.01,0.0079,-0.006,-0.0011,0.0651,0.0229,0.0016,-0.0274,-0.04,-0.0064
,FIN,0.0102,0.0067,-0.0057,0.0001,0.0704,0.0243,0.0044,-0.0328,-0.0478,0.0148
,FIN,0.0102,0.0074,-0.0056,-0.0014,0.0843,0.0261,0.0005,-0.0285,-0.0664,0.0017
,FIN,0.0098,0.0075,-0.0062,-0.0002,0.0849,0.0212,-0.0037,-0.0367,-0.0713,0.0006
,FIN,0.0105,0.0061,-0.0062,-0.001,0.0876,0.0268,-0.0006,-0.0333,-0.0543,0.0108
,FIN,0.0102,0.0076,-0.0063,-0.0005,0.0773,0.0185,0.0061,-0.031,-0.041,0.0049
,FIN,0.0102,0.0072,-0.005,-0.0011,0.0743,0.0208,-0.0014,-0.0362,-0.0293,0.0373
,FIN,0.0103,0.0081,-0.0054,0,0.0707,0.0201,0.0014,-0.0256,-0.0361,0.0393
,FIN,0.0103,0.0083,-0.0043,-0.0012,0.064,0.0176,-0.0021,-0.0237,-0.0363,0.0419
,FIN,0.0099,0.0077,-0.0065,-0.0015,0.0683,0.0185,0.0014,-0.025,-0.0295,0.0048
,FIN,0.0101,0.0083,-0.006,-0.0004,0.0678,0.0175,0.0002,-0.0226,-0.0169,0.0271
,FIN,0.01,0.0074,-0.0047,-0.0008,0.065,0.0195,0.0023,-0.0176,-0.0296,0.0184
,FIN,0.0101,0.0089,-0.0063,-0.0005,0.0676,0.0199,-0.0001,-0.0229,-0.0383,0.0114
,FIN,0.0102,0.0079,-0.0064,-0.0017,0.0712,0.0204,0.0014,-0.0259,-0.0291,0.0324
,FIN,0.01,0.0073,-0.0046,-0.0012,0.0756,0.015,0.0037,-0.0339,-0.0495,0.0091
,FIN,0.0102,0.009,-0.0064,-0.0024,0.0627,0.0159,0.0016,-0.0212,-0.0362,-0.0164
,FIN,0.0098,0.0081,-0.0057,-0.0026,0.0752,0.0238,0.0003,-0.0262,-0.0303,0.0402
,FIN,0.0102,0.007,-0.0051,-0.0022,0.0697,0.0191,0.0011,-0.0208,-0.0335,0.0069
,FIN,0.0094,0.008,-0.0029,-0.0012,0.0476,0.0125,0.0028,-0.0212,-0.0453,-0.0083
,FIN,0.0102,0.0069,-0.0057,-0.0017,0.0823,0.0219,0.0046,-0.031,-0.0491,0.0197
,FIN,0.0098,0.0077,-0.0062,-0.0014,0.0792,0.0218,0.0025,-0.0313,-0.0439,0.0231
,FIN,0.0103,0.0091,-0.0041,-0.0034,0.0468,0.0121,0.0034,-0.0072,-0.0222,-0.0228
,FIN,0.0101,0.0076,-0.0058,-0.0017,0.0751,0.0194,-0.0024,-0.0267,-0.0268,0.0415
,FIN,0.0102,0.008,-0.0063,-0.0003,0.0652,0.0214,0.0014,-0.0272,-0.0361,0.0118
,FIN,0.0101,0.007,-0.005,-0.0021,0.0816,0.0209,-0.0004,-0.0195,-0.0524,-0.0074
,FIN,0.0101,0.0097,-0.0061,-0.0027,0.0491,0.0155,0.0022,-0.0105,-0.0101,0.0067
,FIN,0.0099,0.0078,-0.0063,-0.0012,0.0768,0.0204,0.0034,-0.029,-0.0524,0.0157
,FIN,0.0103,0.0076,-0.0054,-0.0023,0.0728,0.0254,0.0017,-0.0328,-0.0512,-0.0029
,FIN,0.0106,0.0085,-0.0052,-0.0012,0.0653,0.0152,0.0017,-0.0169,-0.0463,-0.0168
,FIN,0.01,0.0082,-0.0064,-0.0009,0.0748,0.0192,0.0018,-0.0254,-0.0336,0.0102
,FIN,0.0105,0.0081,-0.0054,-0.0014,0.0691,0.0179,0.0038,-0.0313,-0.0359,0.0373
,FIN,0.0099,0.007,-0.0063,0.0003,0.0921,0.0291,-0.0037,-0.0414,-0.0593,0.0374
,FIN,0.01,0.0084,-0.0039,-0.002,0.0695,0.0224,-0.0016,-0.0215,-0.0523,-0.0181
,FIN,0.0101,0.0065,-0.0049,-0.0004,0.0882,0.0211,0.0001,-0.0374,-0.0488,0.0478
,FIN,0.0098,0.0076,-0.0049,-0.0009,0.0726,0.0209,0.0008,-0.0176,-0.0203,0.0031
,FIN,0.0102,0.0074,-0.0067,-0.0012,0.0741,0.0209,-0.0037,-0.0247,-0.042,0.0252
,FIN,0.0099,0.007,-0.0049,-0.0007,0.083,0.0227,0.0017,-0.0345,-0.0618,0.0092
,FIN,0.0098,0.0071,-0.0042,0.0005,0.0726,0.0238,0.0035,-0.029,-0.0464,0.0133
,FIN,0.0101,0.007,-0.0064,-0.0006,0.0686,0.018,0.0022,-0.0256,-0.0498,-0.0064
,FIN,0.0099,0.0067,-0.0055,0,0.0928,0.0283,0.0029,-0.0429,-0.0664,0.0081
,FIN,0.0102,0.0071,-0.0046,-0.0002,0.0787,0.0273,-0.0003,-0.0336,-0.0478,0.0343
,FIN,0.01,0.0073,-0.0044,-0.0017,0.0708,0.0212,-0.0004,-0.022,-0.0324,0.0315
,FIN,0.0107,0.008,-0.0046,-0.0015,0.0723,0.0189,0.0018,-0.0208,-0.0388,0.0157
,FIN,0.0103,0.0062,-0.0055,0.0008,0.0803,0.023,0.0006,-0.0302,-0.0633,-0.0049
,FIN,0.01,0.0078,-0.0057,-0.0016,0.0757,0.0232,0.0002,-0.0374,-0.0509,0.0195
,FIN,0.0105,0.0087,-0.0047,-0.0017,0.0657,0.0146,0.0019,-0.023,-0.0203,0.0328
,FIN,0.0102,0.0075,-0.006,-0.0015,0.0785,0.0233,-0.0008,-0.0266,-0.0435,0.0072
,FIN,0.0101,0.0077,-0.0037,-0.0006,0.073,0.0232,-0.0012,-0.0304,-0.0468,-0.0061
,FIN,0.0098,0.0095,-0.0052,-0.0026,0.0573,0.0176,0.0015,-0.0096,-0.0186,-0.0161
,FIN,0.0108,0.0083,-0.0053,-0.0025,0.073,0.0233,0.0002,-0.0276,-0.0323,0.0425
,FIN,0.0096,0.0072,-0.0053,-0.0008,0.0843,0.0217,-0.0013,-0.0296,-0.0544,0.0153
,FIN,0.0099,0.0073,-0.006,-0.0018,0.0848,0.023,0.0014,-0.0389,-0.0592,0.0313
,FIN,0.0106,0.0077,-0.0055,-0.0016,0.0725,0.0222,0.0002,-0.0344,-0.0454,0.0099
,PUR,0.0052,0.0059,-0.0075,0.0108,-0.0217,-0.0096,-0.0084,-0.0148,-0.0365,-0.0139
,PUR,0.0003,0.0033,-0.0064,0.0176,-0.0226,-0.0087,-0.002,-0.0214,-0.0302,0.0079
,PUR,0.0055,0.0065,-0.0047,0.0087,-0.0201,-0.0107,0.005,-0.0087,-0.0301,-0.0077
,PUR,0.0021,0.005,-0.0063,0.0088,-0.0169,-0.0058,-0.0031,-0.0121,-0.0377,0.0011
,PUR,0.0011,0.0053,-0.0066,0.0122,-0.0199,-0.0094,-0.0057,-0.0089,-0.0347,-0.0107
,PUR,0.0059,0.0067,-0.0057,0.0059,-0.0238,-0.0091,-0.004,-0.0163,-0.0338,0.0085
,PUR,0.005,0.0048,-0.0057,0.0135,-0.0206,-0.0123,-0.0045,-0.0132,-0.0487,-0.0225
,PUR,0.008,0.0081,-0.0069,0.0038,-0.0224,-0.0093,-0.0008,-0.0129,-0.037,-0.0188
,PUR,0.0064,0.0055,-0.0069,0.008,-0.026,-0.0077,-0.0043,-0.0176,-0.031,-0.0012
,PUR,0.0039,0.0037,-0.0086,0.017,-0.0186,-0.0041,-0.0017,-0.011,-0.0487,0.0069
,PUR,0.0065,0.0074,-0.0072,0.007,-0.0157,-0.0049,-0.0017,-0.0143,-0.0185,0.0083
,PUR,0.0055,0.0078,-0.0085,0.0073,-0.0142,-0.0055,-0.0024,-0.0116,-0.0178,0.0139
,PUR,0.0073,0.0091,-0.0059,0.0026,-0.0024,-0.0008,-0.001,-0.001,-0.0024,-0.0026
,PUR,0.0033,0.0053,-0.0079,0.0117,-0.0217,-0.0056,0.001,-0.0126,-0.0313,0.0062
,PUR,0.0063,0.0097,-0.0064,0.0021,-0.026,-0.0094,-0.0049,-0.0031,-0.0315,0.0104
,PUR,0.0041,0.0029,-0.0089,0.0189,-0.0174,-0.0064,-0.0035,-0.0129,-0.0217,0.0302
,PUR,0.0054,0.0073,-0.0066,0.0059,-0.0153,-0.0024,0.001,-0.0034,-0.0066,0.0226
,PUR,0.0042,0.0061,-0.0057,0.0114,-0.0175,-0.0076,0,-0.0185,-0.0261,0.0121
,PUR,-0.0015,0.0051,-0.0076,0.0105,-0.0162,-0.0012,-0.0032,-0.0068,-0.0241,0.0017
,PUR,-0.0012,0.0036,-0.0069,0.0167,-0.0132,-0.0039,-0.0044,-0.0101,-0.0335,-0.0207
,PUR,-0.001,0.0033,-0.0072,0.0156,-0.0164,-0.0052,-0.0015,-0.0103,-0.0232,-0.0017
,PUR,0.0058,0.0053,-0.0074,0.0129,-0.0192,-0.0123,-0.0002,-0.0189,-0.0319,0.0147
,PUR,0.0032,0.007,-0.0064,0.0074,-0.0153,-0.0095,-0.0028,-0.0189,-0.0308,0.0115
,PUR,0.0033,0.0047,-0.0069,0.0126,-0.0137,-0.0036,-0.0058,-0.014,-0.0348,-0.0073
,PUR,0.005,0.0067,-0.0076,0.0074,-0.0174,-0.0072,0.0004,-0.0077,-0.0308,0.0076
,PUR,0.0057,0.0063,-0.0084,0.0112,-0.0235,-0.0122,-0.002,-0.0149,-0.0506,-0.0152
,PUR,-0.0072,0.0043,-0.0064,0.0108,-0.016,-0.0026,-0.0023,-0.0047,-0.0248,-0.0091
,PUR,0.001,0.0061,-0.0056,0.0076,-0.0225,-0.0071,0.0013,-0.0119,-0.017,0.0328
,PUR,0.0057,0.0065,-0.0087,0.0096,-0.016,-0.0068,-0.0004,-0.018,-0.039,-0.0043
,PUR,0.0049,0.006,-0.0076,0.0103,-0.0239,-0.006,0.0012,-0.0165,-0.0187,0.0231
,PUR,0.0047,0.0057,-0.0062,0.0136,-0.0202,-0.0068,0,-0.016,-0.0117,0.0343
,PUR,0.0062,0.0059,-0.0068,0.0127,-0.0201,-0.0087,-0.0013,-0.0146,-0.0229,0.0068
,PUR,0.0049,0.0063,-0.007,0.0118,-0.0303,-0.0067,-0.0059,-0.0242,-0.0313,0.0293
,PUR,0.0051,0.0056,-0.0078,0.0121,-0.0223,-0.0061,-0.0025,-0.0227,-0.0301,0.0279
,PUR,0.0053,0.009,-0.0052,0,-0.0168,-0.0064,-0.0013,-0.0009,-0.0207,-0.0195
,PUR,-0.0004,0.0029,-0.0074,0.0148,-0.0106,-0.0081,-0.0074,-0.0148,-0.01,0.0187
,PUR,0.0011,0.0051,-0.0052,0.01,-0.0189,-0.0054,0.0023,-0.0168,-0.016,0.021
,PUR,0.0046,0.0034,-0.0081,0.0198,-0.0221,-0.0054,-0.0023,-0.0156,-0.0291,0.0318
,PUR,-0.0006,0.0047,-0.0072,0.0133,-0.0174,-0.0046,-0.0063,-0.0093,-0.0351,0.0044
,PUR,0.0041,0.0056,-0.008,0.0133,-0.0192,-0.0065,-0.0009,-0.0071,-0.0383,-0.0127
,PUR,0.0034,0.0056,-0.0065,0.0071,-0.0155,-0.0054,-0.0011,-0.0182,-0.0196,0.0108
,PUR,0.0026,0.0036,-0.0069,0.0159,-0.016,-0.0057,0.0036,-0.0123,-0.0335,0.0088
,PUR,0.0008,0.0063,-0.0063,0.008,-0.0154,-0.0018,0.0009,-0.0128,-0.0292,-0.0019
,PUR,0.0019,0.0053,-0.0062,0.0108,-0.0174,-0.0053,0.0001,-0.0081,-0.0179,0.0088
,PUR,-0.0022,0.0052,-0.0053,0.0105,-0.0148,-0.0037,-0.0045,-0.0089,-0.0029,0.0248
,PUR,0.0029,0.0061,-0.0069,0.0089,-0.0206,-0.005,-0.0012,-0.0147,-0.0269,0.0026
,PUR,0.0041,0.0063,-0.0062,0.0097,-0.0188,-0.0061,0.0013,-0.0077,-0.0244,0.0105
,PUR,0.0048,0.0051,-0.0083,0.0123,-0.018,-0.0054,-0.0092,-0.0129,-0.038,0.0092
,PUR,0.0044,0.006,-0.0077,0.0108,-0.0215,-0.0063,-0.003,-0.0121,-0.0232,0.0203
,PUR,0.002,0.0044,-0.0083,0.0142,-0.0234,-0.0088,0.002,-0.0131,-0.0295,-0.0039
,PUR,0.0014,0.0062,-0.0066,0.0107,-0.0143,-0.0037,-0.0029,-0.0175,-0.0199,0.0157
,PUR,0.0049,0.006,-0.0069,0.008,-0.0234,-0.0044,0.0002,-0.0079,-0.0303,-0.0174
,PUR,0.0057,0.0082,-0.0054,0.0049,-0.0154,-0.0084,-0.0034,-0.0099,-0.0297,-0.0159
,PUR,-0.0014,0.0065,-0.007,0.0083,-0.0215,-0.0042,0.0037,-0.0123,-0.0394,-0.0187
,PUR,-0.0195,0.0053,-0.0044,0.0057,-0.001,-0.0013,-0.0068,0.0038,-0.0071,0.0015
,PUR,0.0031,0.0052,-0.007,0.0117,-0.0148,-0.0058,-0.0031,-0.0107,-0.0255,0.0049
,PUR,0.0039,0.0055,-0.0085,0.0108,-0.0145,-0.0059,-0.0058,-0.0116,-0.0223,0.0066
,PUR,0.0007,0.0046,-0.0081,0.0132,-0.0182,-0.0053,-0.0036,-0.0156,-0.0373,-0.0105
,PUR,0.0043,0.0049,-0.0062,0.0135,-0.0191,-0.0072,0.001,-0.0224,-0.027,0.0159
,PUR,0.0044,0.0072,-0.0063,0.0095,-0.0249,-0.0054,-0.0011,-0.0166,-0.0277,0.0036
,PUR,-0.0017,0.0049,-0.0069,0.0113,-0.0115,-0.0032,-0.0029,-0.0057,-0.0211,-0.0009
,PUR,0.0078,0.0089,-0.0031,0.0023,-0.0276,-0.0103,-0.0022,-0.018,-0.0326,0.0168
,PUR,0.0033,0.0046,-0.0071,0.0131,-0.0162,-0.0023,-0.0038,-0.0179,-0.0321,0.0165
,PUR,0.0004,0.0048,-0.0061,0.0122,-0.0128,-0.0057,0.0013,-0.0128,-0.0381,-0.0236
,PUR,0.0058,0.0087,-0.006,0.0007,-0.0266,-0.0067,-0.0019,-0.0073,-0.0282,0.0137
,PUR,0.0065,0.0067,-0.0069,0.008,-0.0198,-0.0082,-0.0022,-0.0105,-0.0398,0.0098
,PUR,0.0046,0.0044,-0.007,0.0127,-0.0135,-0.0034,-0.0026,-0.0114,-0.0333,0.0036
,PUR,0.0057,0.0036,-0.008,0.0154,-0.0186,-0.0064,0.0006,-0.0065,-0.0122,0.0144
,PUR,0.0028,0.0049,-0.0066,0.0123,-0.0156,-0.0061,-0.0098,-0.0161,-0.0379,-0.0224
,PUR,0.0028,0.0046,-0.0084,0.0136,-0.0174,-0.0079,-0.0067,-0.0126,-0.0281,0.0091
,PUR,0.0006,0.001,-0.0098,0.0224,-0.0135,-0.0076,-0.004,-0.016,-0.0157,0.0246
,PUR,-0.0016,0.0018,-0.0068,0.0183,-0.0149,-0.0102,-0.0035,-0.0153,-0.0436,-0.0201
,PUR,0.0014,0.0022,-0.0079,0.0199,-0.0118,0.0004,-0.0037,-0.017,-0.0287,0.025
,PUR,0.0043,0.0039,-0.0077,0.0177,-0.0184,-0.0036,-0.0059,-0.0097,-0.0348,-0.0028
,PUR,0.0063,0.0058,-0.0077,0.0122,-0.0203,-0.0046,-0.0051,-0.0093,-0.0292,0.006
,PUR,0.0003,0.0052,-0.0077,0.0118,-0.0188,-0.0088,-0.0093,-0.0161,-0.0316,0.002
,PUR,0.007,0.0079,-0.0055,0.0052,-0.0184,-0.0128,-0.0011,-0.0071,-0.0087,0.0091
,PUR,0.0042,0.0054,-0.0054,0.0081,-0.021,-0.0084,-0.0085,-0.0051,-0.0206,0.0194
,PUR,0.0036,0.0064,-0.0069,0.0089,-0.0178,-0.0042,-0.0056,-0.0135,-0.0445,-0.0191
,PUR,-0.0225,0.0043,-0.0044,0.0059,-0.0025,0.0006,0.0073,0.0067,-0.0125,-0.0113
,PUR,-0.0142,0.006,-0.0021,0.0041,-0.0059,0.0004,0.0067,-0.0067,-0.0159,-0.0082
,PUR,-0.0005,0.0036,-0.0075,0.0144,-0.0121,-0.0064,0.0006,-0.0129,-0.0323,-0.0062
,PUR,0.0037,0.0065,-0.0045,0.0075,-0.0251,-0.0047,-0.006,-0.0167,-0.0222,0.025
,PUR,-0.0016,0.0049,-0.0066,0.0113,-0.0165,-0.0082,0,-0.0056,-0.0227,0.0112
,PUR,0.0035,0.0038,-0.0066,0.016,-0.023,-0.0062,-0.002,-0.0107,-0.043,-0.0206
,PUR,0.0034,0.0032,-0.0062,0.0139,-0.0158,-0.006,-0.0123,-0.0174,-0.0411,0.0064
,PUR,0.0013,0.0043,-0.0079,0.0139,-0.0122,-0.0069,-0.0009,-0.0162,-0.0351,0.0043
,PUR,-0.002,0.0043,-0.006,0.0133,-0.015,-0.0052,-0.0025,-0.0164,-0.0451,-0.0132
,PUR,0.0047,0.0072,-0.0063,0.0035,-0.018,-0.0053,0.0013,-0.0157,-0.0209,0.0164
,PUR,0.0034,0.0063,-0.0059,0.0083,-0.0167,-0.0076,0.0012,-0.0079,-0.0186,0.0025
,PUR,0.0039,0.0048,-0.0082,0.0131,-0.0206,-0.006,-0.001,-0.0106,-0.0308,0.0235
,PUR,0.0029,0.0073,-0.0069,0.0057,-0.0196,-0.0075,-0.0015,-0.0082,-0.0394,-0.0227
,PUR,0.0042,0.0048,-0.0095,0.0145,-0.0204,-0.0074,-0.0045,-0.0128,-0.0297,0.0018
,PUR,0.0011,0.004,-0.0071,0.0158,-0.0133,-0.0038,-0.0045,-0.0126,-0.0432,-0.0313
,PUR,-0.0007,0.0048,-0.0068,0.0111,-0.0149,-0.0038,-0.004,-0.0138,-0.0273,0.0059
,PUR,0.0055,0.0064,-0.008,0.0099,-0.0197,-0.0058,-0.0058,-0.0128,-0.0296,0.0106
,PUR,0.0006,0.003,-0.0064,0.018,-0.0152,-0.0085,-0.0013,-0.0112,-0.0227,-0.0026
,PUR,0.0014,0.0049,-0.0066,0.0145,-0.0139,-0.0102,0.0025,-0.0094,-0.0255,-0.0071
,PUR,0.0013,0.0034,-0.0067,0.0165,-0.0158,-0.0104,-0.0033,-0.0061,-0.0373,0.0075
,PUR,0.0008,0.0035,-0.0071,0.0136,-0.0145,-0.0065,-0.0014,-0.0109,-0.0201,0.0221
,PUR,0.0043,0.0066,-0.0059,0.0073,-0.0223,-0.0037,-0.0025,-0.0185,-0.0369,-0.0078
,PUR,0.0045,0.0031,-0.0086,0.0197,-0.0201,-0.0067,-0.0017,-0.0127,-0.0314,0.008
,PUR,0.0026,0.0036,-0.0076,0.0159,-0.0202,-0.0015,-0.0058,-0.0215,-0.025,0.0002
,PUR,0.0024,0.004,-0.0064,0.0143,-0.0131,-0.0012,-0.0069,-0.0115,-0.0286,-0.0011